AgleP7w, AgleP7wJAZZw5jxms8OMrD27c3bawjZ
3ik2Fcs, 3ik2Fcs68jdXcYFRJOdw33d8kP7tZYf
bmWhm0h, bmWhm0hpGCGOzUnBQidFizyp7m3ieCp
OW6qAy3, OW6qAy351Xqu6hSETw1JTvzm32Zu4Qr
TZ4kKJ3, TZ4kKJ3PEj9X0fcJeys7eSvA0NqwNoh
25srvmC, 25srvmCU2RcRwHBDzwgyOmi9j18Pmv8
ErMUwm7, ErMUwm77rktA5VqPDmRuSFq2pYGavrc
A3s0EzM, A3s0EzMGZx89Jdq9N6yug9iq43x1WG3
Yhx7gQ9, Yhx7gQ9iq2sQyYLudfDle511j2Jjz7q
9gtGnbF, 9gtGnbFbjFpYy7WVaijCcTxBr7gQYOF
h1Oh1Fq, h1Oh1FqYlXyoVlNylKyaZNeKN32BT42
h8XVJ0N, h8XVJ0NCzGzk5jgaZES3xUWFpq8waES
gLIBifd, gLIBifdP5EmoIlsxPCmt8ya2HCx4yBl
tMYI5CN, tMYI5CNlEsYOjy34l5COyzc9gmBuUja
lm9Cc2I, lm9Cc2IXlLwVcWWUTnH5yxKZB9fMLK3
3ftHbgU, 3ftHbgUaIQONDhONWOzw3TI8fF0Wwb1
uXWjPJp, uXWjPJp2C5YHSd949Ohk2Vnvwiwka2p
Nhjg2bp, Nhjg2bpFhObZjimJpTiPTQB4sILgA2E
HKT3AcK, HKT3AcKkZUeHe1x3ZPgHdoHY0UXI2eR
pXqlt9W, pXqlt9WDtgGSmCpGQt3qVyka3dAaajC
9TnGThJ, 9TnGThJGLwPSedgdD7p3xu92mz04Soo
nRo5xnF, nRo5xnF1Lah0Uhj6gy3NyBbixHdX1Fj
8PIwNAQ, 8PIwNAQLLtf2P0akEFaLyUNxaK9ahqH
joJDHlc, joJDHlcwM74e4EhQE5Hfanp5tQ2CG8I
ZvJaa4f, ZvJaa4fxL0osFNRCCMaNVAeb3ytFX0J
Y4RtEJj, Y4RtEJjRHjpUXvUsptv64OdXU3xyzgL
YlFMohV, YlFMohVTQ1DIwlB4vRwEeL1jYrbZxzd
KCOIQUC, KCOIQUC5HLKSdBY0k7neOMx3e6uiERX
RVasdnc, RVasdnchhQEZnQqksQtkV9PrdD3Phck
NTbV8Jd, NTbV8Jd7JyYXu7U00oYhqR1W6qXhEW0
MgDqtos, MgDqtosYm51otIPSp4JzGwxNNzW3cy0
I340WgG, I340WgGh1y0EhBJzjNGLjCWDYDeeBae
RgHmpfR, RgHmpfRIsXkeliCQfDDV5DUdMppapR4
AXEYIVa, AXEYIVapqWNkpPDOuGumZOoIH2Ch56K
hFAUWkY, hFAUWkYMcGEVLbnDfJii9Q6Dag70jZZ
ypHRBy8, ypHRBy8chKyVnvBsSUxtGaiILD17fMu
ioX8nxY, ioX8nxYMxDd6J5uTV5AYCbOnkbVKRr3
Ch795EE, Ch795EEgFzmwqDcYS7eJF9rFjY4vBFn
Cym7yPP, Cym7yPP6Ic1iggCM6wmxFCxkxmPYT6F
BEqCIMi, BEqCIMi9kZ7Xnvuci3BNQlkZE0BfVcR
W67hIAN, W67hIANWNGQYxw5RhrkU1vqLkz2GChZ
anAAslZ, anAAslZ3IhlODKE6dXRjgIZLGTfRWv1
3aQQING, 3aQQINGGf3DcgmIwocYZAWJJuTseO8g
VP5pwSD, VP5pwSDLkmDe9nm9ii92tB1VxHdW3l8
hdg781Y, hdg781YIdlFdVtRAccuMCi293Eocone
9BgtHr6, 9BgtHr6dMLPnV6OTuHwaBPvAjTZzsOg
sttUIFN, sttUIFNncROJ42mBkMQ3E34MV8VWXJQ
sNexWOY, sNexWOYmexyXqzhflb138oyGORWZDGv
vnILHWR, vnILHWRGyt3346PqHsnwNM3txl0Vmy0
Z6iToJH, Z6iToJHG5dQLc3broKdXV2ROZfAwQlr
